# Articles
/writing /articles
/writing/* /articles/:splat
/articles /
/articles/* /blog/:splat
/blog /
/all / # Old pagination
/blog/1 / # Redirect first page to /

# Pages
/work /projects
/projects/* /projects

# RSS Feeds
/atom.xml /feed.xml
/reading/atom.xml /library/feed.xml
/articles/atom.xml /feed.xml
/blog/atom.xml /feed.xml
/weekly/atom.xml /weekly/feed.xml

# Subscribed/unsubscribed
/weekly/subscribed /subscribed
/weekly/unsubscribed /unsubscribed

# Book reviews (this is a mess)
/books /library
/reading /library
/books/how-to-win-friends-and-influence-people /library/how-to-win-friends
/reading/how-to-win-friends-and-influence-people /library/how-to-win-friends
/reading/* /library/:splat
/articles/i-read-* /library/:splat
/blog/i-read-* /library/:splat
/book-reviews/* /library/:splat

/defaults /blog/app-defaults

# Renamed articles
/articles/emacs-from-scratch-part-one-the-foundation /blog/emacs-from-scratch-part-one-foundations
/articles/emacs-from-scratch-part-one-the-foundation/* /blog/emacs-from-scratch-part-one-foundations/*

# Home Screens
/articles/home-screen-november-2023 /home-screens/2023-11
/articles/home-screen-december-2023 /home-screens/2023-12
/articles/home-screen-january-2024 /home-screens/2024-01
/articles/home-screen-february-2024 /home-screens/2024-02

# Pagination
/page/:splat /blog/page/:splat

# Very old link
/blog/2013/09/28/deploy-octopress-via-git /blog/deploy-octopress-via-git
